{
  "$schema": "https://json-schema.org/draft/2020-12/schema",
  "title": "MLv1 Decision Certificate",
  "type": "object",
  "properties": {
    "version": {
      "type": "string"
    },
    "timestamp": {
      "type": "string",
      "format": "date-time"
    },
    "decision": {
      "type": "string"
    },
    "kappa": {
      "type": "number",
      "minimum": 0.0,
      "maximum": 1.0
    },
    "delta_sheaf": {
      "type": "number",
      "minimum": 0.0,
      "maximum": 1.0
    },
    "fairness_ok": {
      "type": "boolean"
    },
    "constraints": {
      "type": "object"
    },
    "kkt_multipliers": {
      "type": "object"
    },
    "data_hash": {
      "type": "string"
    },
    "code_hash": {
      "type": "string"
    },
    "notes": {
      "type": "string"
    }
  },
  "required": [
    "version",
    "timestamp",
    "decision",
    "kappa",
    "delta_sheaf",
    "fairness_ok"
  ]
}